{
  "v": "5.7.4",
  "fr": 30,
  "ip": 0,
  "op": 120,
  "w": 512,
  "h": 512,
  "nm": "Rotating Gears",
  "ddd": 0,
  "assets": [],
  "layers": [
    {
      "ddd": 0,
      "ind": 1,
      "ty": 4,
      "nm": "Gear 1",
      "sr": 1,
      "ks": {
        "o": { "a": 0, "k": 100 },
        "r": {
          "a": 1,
          "k": [
            { "t": 0, "s": 0 },
            { "t": 120, "s": 360 }
          ]
        },
        "p": { "a": 0, "k": [200, 200, 0] },
        "a": { "a": 0, "k": [0, 0, 0] },
        "s": { "a": 0, "k": [100, 100, 100] }
      },
      "shapes": [
        {
          "ty": "gr",
          "it": [
            {
              "ty": "el",
              "p": { "a": 0, "k": [0, 0] },
              "s": { "a": 0, "k": [150, 150] },
              "nm": "Ellipse Path"
            },
            {
              "ty": "fl",
              "c": { "a": 0, "k": [1, 0.5, 0.2, 1] },
              "o": { "a": 0, "k": 100 },
              "nm": "Fill"
            }
          ],
          "nm": "Gear 1 Shape"
        }
      ]
    }
  ]
}
